Galaxy,Model,Total Model Mass,Bar Mass,Disk Mass,Bulge Mass,Nucleus Mass,Bar-to-total,Disk-to-total,Bulge-to-total,Nucleus-to-total
ESO012-010,DBAR,9.528042419849891,8.264700584998165,9.50368886559449,,,0.054532846199945674,0.9454671538000544,,
ESO013-016,DBAR,9.508865837893802,8.156984711003982,9.48910775641,,,0.04447529865746551,0.9555247013425345,,
ESO026-001,DBARN,9.355583057216547,8.263342456565159,9.317401175569147,,6.873881465611422,0.08086477813809134,0.9158368591782052,,0.003298362683703398
ESO027-001,DBARB,9.977205620974965,8.903965683614475,9.902274860307065,8.84637575292826,,0.08448119777032889,0.841529295506933,0.07398950672273798,
ESO048-017,DBARN,8.923898199237613,7.982810482075391,8.869301047636686,,6.480843640002385,0.11452815984237397,0.8818665066841048,,0.003605333473521195
ESO079-007,DBAR,9.40405692355605,7.984417317156061,9.387209195778233,,,0.03805050224634037,0.9619494977536596,,
ESO238-018,DBAR,9.430740275685627,8.007939411345165,9.414017121531044,,,0.03777453575920623,0.9622254642407938,,
ESO287-037,DBAR,9.666470847464002,8.40376222323642,9.642080742581607,,,0.054612414245506474,0.9453875857544936,,
ESO340-017,DBAR,9.63740207504456,8.868950664740074,9.556254590182208,,,0.1704309990103513,0.8295690009896487,,
ESO341-032,DBAR,9.687097810185715,8.237907098090952,9.671378645073823,,,0.035547518417836925,0.9644524815821631,,
ESO357-012,DBAR,9.203057084815237,7.910016141926873,9.18035611491737,,,0.05092828564152457,0.9490717143584754,,
ESO408-012,DBARN,9.509690720101212,7.935753410712629,9.496773424443438,,6.930102110325683,0.026672436546020594,0.9706948027313536,,0.0026327607226260055
ESO418-009,DBAR,9.075025864327005,7.835229467056477,9.049274516300347,,,0.057570977408244045,0.942429022591756,,
ESO440-011,DBAR,9.965368480991309,8.457961310230578,9.951652814203515,,,0.031088003291630605,0.9689119967083695,,
ESO445-089,DBARN,10.024216901292776,8.910364340691965,9.987957075323811,,7.524148879242164,0.07693915980634704,0.919899057791369,,0.0031617824022838158
ESO482-035,DBAR,9.747370231250388,8.777592674040088,9.698121091850883,,,0.10720682709853512,0.892793172901465,,
ESO485-021,DBARN,9.021998939079937,7.896137228602674,8.986923052243672,,6.461171751040321,0.0748407773116246,0.9224102348914751,,0.0027489877969003574
ESO508-024,DBAR,10.087063195652442,8.816184394073918,10.063140395962346,,,0.05359462029801721,0.9464053797019828,,
ESO510-059,DBAR,9.693011205818177,8.71042174118918,9.64527541256617,,,0.10409036594642417,0.8959096340535758,,
ESO532-022,DBAR,9.218309116706534,8.264753546491114,9.167070650407279,,,0.11128699862455411,0.888713001375446,,
ESO576-032,DBARN,10.090439943008935,8.350277178109607,10.075776571773083,,8.266815973659133,0.018190189988477417,0.9667999711237157,,0.015009838887806774
ESO580-022,DBAR,9.586954854263867,7.9938185358072475,9.575728229342026,,,0.025519001741433164,0.9744809982585668,,
IC0749,DBARN,10.26509932256874,8.409295258919434,10.25843963431334,,7.37219708617167,0.013937854815427808,0.9847824758477316,,0.0012796693368405422
IC0758,DBAR,9.430429939362655,8.24947228631936,9.40081223784916,,,0.06592381727576747,0.9340761827242325,,
IC0769,DBARN,10.114731653508999,8.690688919697381,10.093224842221087,,8.14201619132535,0.037666673381759636,0.9516849221787944,,0.010648404439445931
IC0797,DBARN,9.315247444641091,8.276738793759979,9.272260802492466,,6.750572118464313,0.09151480299093005,0.9057604594781227,,0.0027247375309473734
IC0800,DBAR,10.460334604945595,9.477564559848807,10.412619787387035,,,0.10404709397210592,0.895952906027894,,
IC0863,DBARN,10.003544024194035,9.383739941239256,9.841164104009284,,8.860625165333657,0.23999153142580376,0.6880501277377863,,0.07195834083640998
IC1067,DBARBN,9.71447021275113,8.830507431990766,9.580775972908079,8.666845647558674,8.365036375994068,0.13062828323828643,0.7350311764855144,0.08961391167115235,0.044726628605046816
IC1438,DBARB,10.38893298177496,9.61753521862339,10.07994937798612,9.920149864131803,,0.169278669483125,0.490926410077106,0.339794920439769,
IC1870,DBAR,9.370483246951899,8.201183423066192,9.340030832821826,,,0.06771738456849162,0.9322826154315084,,
IC1933,DBAR,9.528765379519324,8.10791856969353,9.511965334489604,,,0.03794488056424941,0.9620551194357506,,
IC1954,DBAR,9.875155170719818,8.393499453363814,9.860587433383989,,,0.032987111060514177,0.9670128889394858,,
IC2035,DBARN,9.870060871472282,9.10264253237919,9.68814461155692,,9.104017082239261,0.1708368916496374,0.6577846582916418,,0.17137845005872065
IC2051,DBARB,10.529565709371917,9.126056357014537,10.483596711850742,9.314524350685211,,0.03949031951755802,0.8995617952174444,0.060947885264997566,
IC3021,DBARN,8.974781860404692,7.0319840511796,8.96619070428422,,6.887518334254949,0.011407807675141842,0.9804125093108542,,0.00817968301400405
IC3115,DBAR,9.333415150468626,7.760525039669859,9.321645440384044,,,0.02673682843009652,0.9732631715699035,,
IC3517,DBAR,8.44694071901765,7.27290167674211,8.4168305369785,,,0.06698243907284337,0.9330175609271566,,
IC3521,DBAR,9.294932512439042,8.672922784730108,9.176445110339504,,,0.2387757799219557,0.7612242200780442,,
IC4536,DBARN,9.911684348196033,8.680851698262025,9.884110374878578,,7.3504245254528495,0.05877157779875113,0.9384821715225613,,0.0027462506786875163
IC5007,DBAR,10.079395795918105,9.155388474597142,10.024311464529205,,,0.11912219262811496,0.880877807371885,,
IC5240,DBARB,10.342184400759907,10.07220656437955,9.81785339463412,9.556875443139658,,0.5370592037463267,0.29899848918422023,0.16394230706945315,
IC5270,DBAR,9.972567722733944,8.61147393453198,9.953233725177215,,,0.0435417832736066,0.9564582167263934,,
IC5273,DBAR,9.979764589473515,8.53660257365493,9.96382161327608,,,0.03604441523684947,0.9639555847631505,,
NGC0210,DBARB,10.405195297531405,9.721706570549282,10.08011997054498,9.909901002653788,,0.2072579857011558,0.4730691995082511,0.31967281479059295,
NGC0289,DBARN,10.549548530638932,9.419209521149858,10.509021257702084,,8.726292841122726,0.07407318016577796,0.9109042472699697,,0.015022572564252294
NGC0337,DBAR,10.146253049296684,9.113988873728129,10.103936870750106,,,0.09284014806877353,0.9071598519312265,,
NGC0337A,DBAR,9.19349097993067,8.145972801060566,9.152706118995784,,,0.08963586650293316,0.9103641334970668,,
NGC0450,DBAR,9.639616966859082,8.421010119946127,9.612537066548896,,,0.060449561255437184,0.9395504387445628,,
NGC0578,DBARN,10.246856230035005,8.892878953153758,10.225679435306976,,7.769362143520208,0.044261153003942774,0.9524083740245497,,0.003330472971507414
NGC0600,DBAR,9.73673063847712,8.623197061382024,9.70193436682468,,,0.07699569135154585,0.9230043086484542,,
NGC0613,DBARB,11.031177778912046,10.250836940476306,10.876841101730125,10.1558768795409,,0.16582849588220938,0.7009117214551499,0.13325978266264069,
NGC0685,DBAR,9.791665937328295,8.448784429701664,9.771484388048977,,,0.045406548642116955,0.9545934513578831,,
NGC0701,DBAR,10.086795526663346,9.098922901167443,10.039669405606615,,,0.10283178498976782,0.8971682150102323,,
NGC0718,DBARB,10.196536766546146,9.263779865539963,9.98968716665636,9.615119136259096,,0.11674629287146929,0.6210840840312735,0.2621696230972572,
NGC0864,DBARB,10.163725552398114,9.08200973190993,10.10677713346341,8.766291215063287,,0.08284841028925657,0.8771049885346182,0.04004660117612534,
NGC0936,DBARB,10.85339544556009,9.875618199659556,10.692643576611921,10.163271563635535,,0.10525015742678477,0.6906342801044534,0.20411556246876184,
NGC0986,DBARB,10.36455678668044,9.66813778015083,10.165294194620332,9.586732471633301,,0.20117823492748005,0.6320295850967604,0.16679217997575935,
NGC0991,DBARN,9.627041515458968,8.071016579145319,9.614540688378261,,6.3892413747106245,0.027795536668091557,0.9716261011875635,,0.0005783621443449238
NGC1015,DBARB,10.325373721731006,9.424610574461811,10.134264131804374,9.687708669883042,,0.1256715156062586,0.6440067362652586,0.23032174812848277,
NGC1022,DBARB,10.171366776988627,9.115479405301327,10.00001843362436,9.548103803820588,,0.08792505088170664,0.6739872122721623,0.2380877368461311,
NGC1036,DBAR,8.86043000423934,8.097777164680359,8.778081583344134,,,0.17272180204508927,0.8272781979549108,,
NGC1051,DBARN,9.178984277382122,7.5908964222552475,9.166347392717187,,6.635482025821842,0.02581737867968779,0.9713217537916312,,0.0028608675286809983
NGC1073,DBAR,9.91302364815886,8.711244396809434,9.884838426324034,,,0.06283776773461323,0.9371622322653868,,
NGC1087,DBAR,10.184859709493903,8.88633212890787,10.162451208459052,,,0.0502889328021663,0.9497110671978336,,
NGC1179,DBARN,9.74615331899926,8.167491066549841,9.733225335274286,,7.215277189594628,0.026383824383468542,0.9706709140474004,,0.002945261569131039
NGC1187,DBARB,10.37465052180876,8.693575880481239,10.334267885608899,9.20684643527728,,0.020841326565860886,0.9112076638798947,0.06795100955424441,
NGC1232,DBARB,10.668348362506485,8.994382915818088,10.647546973918718,9.076294860454995,,0.02118529682875385,0.9532319961074277,0.025582707063818492,
NGC1255,DBAR,10.247584017333807,8.698744899901392,10.235134425306319,,,0.028259266336963337,0.9717407336630367,,
NGC1258,DBARN,9.516602177410455,8.049746102659048,9.49915317911057,,7.236825759153056,0.03413060017358538,0.960618622735625,,0.0052507770907895
NGC1291,DBARB,10.68678090517572,9.899005949463866,10.332318343616937,10.283233636423,,0.16301405259435067,0.4421172280355053,0.39486871937014406,
NGC1300,DBARB,10.481978726093557,9.483139336132945,10.389356770567979,9.444794840156561,,0.10026759774284345,0.8079380177756514,0.0917943844815051,
NGC1302,DBARBN,10.488495641287697,9.277816717214167,10.21779252602797,10.09038619690632,7.874063776769281,0.061563184398798494,0.5361630546028544,0.39984397438248714,0.0024297866158599383
NGC1310,DBARN,9.756396611754866,8.126158199938631,9.744284116015171,,7.366555404050295,0.0234294227244344,0.9724952847093797,,0.004075292566185903
NGC1326,DBARB,10.468155371866816,9.63268708870884,10.186055330774215,9.988853694678955,,0.14606014143307636,0.5222758672614389,0.33166399130548474,
NGC1326A,DBAR,8.784101339443348,7.432926740424538,8.764310344311436,,,0.044547711762826174,0.9554522882371738,,
NGC1338,DBAR,10.04331699919079,8.932826972671966,10.008265872453556,,,0.07753717494038291,0.9224628250596172,,
NGC1341,DBAR,9.613025626133869,8.776498258860867,9.544633801513529,,,0.14570438855251144,0.8542956114474886,,
NGC1345,DBAR,9.119434960584895,8.449628327325954,9.014917496179907,,,0.213891421490757,0.7861085785092429,,
NGC1365,DBARBN,10.974523560053319,10.166925373012168,10.731700693858372,10.351792874699465,9.508142039503129,0.15574058904457433,0.5717117707230611,0.2383797251198478,0.03416791511251673
NGC1367,DBARB,10.651586159638253,9.462092466315315,10.56277766523337,9.731836076868792,,0.06464073808399669,0.815063613553074,0.1202956483629293,
NGC1398,DBARB,11.050254924143125,9.942026248104291,10.78637667558436,10.627059947717632,,0.0779419602153398,0.5446553217776703,0.37740271800699,
NGC1452,DBARB,10.29378481731328,9.553664635686427,10.031457312880665,9.72751730437797,,0.18191973653307233,0.5466036099219159,0.27147665354501166,
NGC1483,DBAR,9.520521853039392,8.314289068742468,9.49263361809188,,,0.0621966818077188,0.9378033181922811,,
NGC1493,DBARN,9.580235416633307,8.030172450943514,9.565937626589218,,7.204115858553528,0.028179743408520346,0.9676141483777178,,0.0042061082137618494
NGC1533,DBARB,10.477108336915816,9.244753986137646,10.300634530461,9.91700019215543,,0.05856601160620611,0.6660796932627021,0.27535429513109183,
NGC1559,DBAR,10.32631426792698,8.610318210023836,10.317880957531411,,,0.01923109184918887,0.9807689081508112,,
NGC1637,DBARN,9.908890160027607,8.630694879653063,9.868365179511809,,8.469892025347722,0.05269928459756299,0.9109090554857512,,0.03639165991668579
NGC1640,DBARBN,10.074918001016547,9.241809922208825,9.922444232751229,9.146991196026487,8.568616083074282,0.14685607651760835,0.7039247442710009,0.11805195809871123,0.031167221112679392
NGC1672,DBARB,10.630873628787565,9.784452583634858,10.419838217620516,10.015497017896122,,0.14242261477873702,0.615126714939444,0.24245067028181894,
NGC1679,DBAR,9.457456609660099,8.26586811100668,9.428579455702613,,,0.06432969633588655,0.9356703036641135,,
NGC1688,DBARN,9.632675521777369,8.824221166995759,9.554908497650667,,7.562846930476887,0.1554338646286459,0.8360513950281806,,0.00851474034317348
NGC1800,DBAR,8.654722816522069,7.909995034826933,8.568536731861515,,,0.17999988113203227,0.8200001188679678,,
NGC1879,DBARN,9.345827057202454,7.987473270694391,9.326097519172093,,6.120442815143458,0.04381736058132609,0.9555875040541802,,0.0005951353644936449
NGC2500,DBARN,9.422285862766719,7.677791077060354,9.413910189033906,,6.460219885771991,0.018009647573339647,0.9808990778866628,,0.00109127453999771
NGC2608,DBARN,10.13484314764869,8.82019606141856,10.088933451144737,,8.849665341774347,0.04845659727243077,0.8996846348433378,,0.051858767884231396
NGC2633,DBARB,10.443110811201253,9.742809804617822,10.06033181578563,10.030149733465933,,0.19938798912123426,0.4142104053588284,0.38640160551993724,
NGC2893,DBARB,9.825259806707038,9.120816363972192,9.093744595603109,9.615505982955204,,0.19749520565529716,0.18556018160994303,0.61694461273476,
NGC2938,DBAR,9.737162857093399,8.578342096993028,9.705939343085658,,,0.06937120523970135,0.9306287947602987,,
NGC3020,DBAR,9.680869630717893,8.649770151577474,9.638434078950933,,,0.09308946210808605,0.906910537891914,,
NGC3023,DBAR,9.807893182897944,9.016631917580591,9.731287110034314,,,0.16171069166893765,0.8382893083310624,,
NGC3049,DBARN,10.028507267366955,9.237865837499665,9.936505615162186,,8.490388673170608,0.1619416538058369,0.8090928211066676,,0.028965525087495503
NGC3057,DBAR,9.420684886048024,8.09457244788937,9.39968933104627,,,0.04719408407037394,0.952805915929626,,
NGC3061,DBARB,10.282475070296965,8.645242513726059,10.261532896016304,8.663081358775031,,0.02305512299411373,0.9529230359826887,0.024021841023197536,
NGC3066,DBARN,10.040099940537683,8.896057166089282,9.965288857051206,,8.976947394199911,0.07177235978957987,0.8417612250756223,,0.08646641513479775
NGC3153,DBAR,9.992415506805642,8.832217450402176,9.96129448490517,,,0.06915155390620037,0.9308484460937997,,
NGC3155,DBARN,10.067787733093692,9.015097531260174,10.011131029404854,,8.595816187608788,0.08857472204746715,0.8776943371434791,,0.03373094080905374
NGC3166,DBARB,10.809430782300135,10.193978062704616,10.470929618210706,10.284990693198026,,0.24240818530837127,0.4586684163748651,0.2989233983167635,
NGC3206,DBAR,9.515990420537983,8.394444165955283,9.481855922198314,,,0.07558815508019727,0.9244118449198028,,
NGC3254,DBARB,10.475553396553204,9.38788053695803,10.348262700997322,9.711916653300623,,0.08171977089623038,0.7459492891767253,0.17233093992704426,
NGC3319,DBAR,9.78452248526331,9.119891294654396,9.678586100925951,,,0.21645559168117467,0.7835444083188253,,
NGC3346,DBAR,10.10783067213183,8.07869468288277,10.103750421411341,,,0.009351128193982856,0.9906488718060172,,
NGC3351,DBARB,10.42153393162803,9.435432639897238,10.287328792823905,9.632603565071031,,0.10325205599843353,0.7341670027875783,0.16258094121398822,
NGC3359,DBAR,10.14067894799882,9.03718571442075,10.105034541106548,,,0.07879647080525011,0.9212035291947499,,
NGC3380,DBARBN,9.749831951625492,9.214884197830038,9.49079297024524,8.775906935212625,8.459746531536872,0.2917778005468188,0.550758259257165,0.10618788812278976,0.05127605207322634
NGC3381,DBAR,9.69225425722838,8.739588481040796,9.640904240015955,,,0.11151524010622553,0.8884847598937744,,
NGC3447,DBAR,9.347882896564352,8.150734704588846,9.319385383316188,,,0.06351141782701747,0.9364885821729826,,
NGC3485,DBARB,9.79344956948946,8.650582749095099,9.74259478064128,8.379299913174508,,0.07196696361699756,0.8894984817734028,0.038534554609599654,
NGC3489,DBARB,9.995990730323676,9.047414004357364,9.765172046765281,9.472670465251063,,0.11257015758058246,0.5877346785069423,0.29969516391247525,
NGC3504,DBARB,10.393448307026162,9.825504632651315,9.9948011613476,9.912251495645293,,0.2704309075500295,0.39934923269550004,0.3302198597544704,
NGC3507,DBARB,10.042414558201111,8.75383916225327,9.982195481403165,8.934626090609912,,0.05145464711179223,0.8705243492919702,0.07802100359623765,
NGC3583,DBARB,10.631967468263596,10.05863657649422,10.41406563770638,9.737222846925835,,0.26709706034698355,0.6054777235875495,0.12742521606546695,
NGC3637,DBARBN,10.478905716288812,9.472242760924974,10.148120293321194,9.787418367370636,9.842812279592998,0.0984775067558729,0.4668900052254968,0.20347574678637567,0.23115674123225466
NGC3654,DBAR,10.00469618355324,9.255685930045182,9.919444527319115,,,0.17823366867400062,0.8217663313259994,,
NGC3664,DBAR,9.426210568446093,8.474877359321514,9.374693009294473,,,0.11185793327004687,0.8881420667299532,,
NGC3673,DBARBN,10.405322374037238,8.86727160346079,10.354729366898171,9.220703139529693,8.599136763548612,0.028970048976825993,0.89003481054569,0.06537034326572708,0.015624797211756756
NGC3681,DBARB,10.179868851376781,9.284596909120602,10.078080172310989,9.091909903746284,,0.1272705900967759,0.7910634535291348,0.08166595637408937,
NGC3683A,DBAR,10.39385379563491,8.784316325402761,10.38304845884485,,,0.02457324608038175,0.9754267539196183,,
NGC3684,DBARB,10.083892407677963,8.647968426910237,10.04643062990008,8.74658565213496,,0.03665017217701156,0.9173566683230279,0.04599315949996054,
NGC3686,DBARB,10.191018843344562,8.588326108630408,10.168354115375632,8.60407505420484,,0.024963602883527225,0.9491509178166867,0.025885479299786036,
NGC3691,DBAR,9.694866919457267,9.538439763462728,9.175526271873021,,,0.6975459861243749,0.3024540138756251,,
NGC3782,DBAR,9.117287673512577,8.245196456990865,9.054681028290243,,,0.13424829647217973,0.8657517035278203,,
NGC3795A,DBAR,9.308545267182385,7.923336865034953,9.29027783042179,,,0.04118998159051946,0.9588100184094805,,
NGC3870,DBAR,9.195907393606904,8.590742849082371,9.071998595819556,,,0.24821924795660522,0.7517807520433948,,
NGC3887,DBARB,10.406893828895715,8.866500203653992,10.385166312567481,8.707585082903659,,0.028814187292133333,0.9512014062554882,0.019984406452378426,
NGC3906,DBAR,9.01350916517147,7.996469315156219,8.969604372096056,,,0.09615240467631564,0.9038475953236843,,
NGC3930,DBARB,9.600385989056292,8.005631683629812,9.57219186969339,8.173639013440017,,0.025424106235033675,0.9371430325237259,0.037432861241240414,
NGC3941,DBARBN,10.377287706248197,9.430231895449419,10.188333109765573,9.689819808518315,8.914564777181704,0.11296507349302581,0.6472102751091865,0.20536768249587406,0.03445696890191355
NGC3953,DBARB,10.827700685537545,9.65773843881484,10.755809121595984,9.756847943872407,,0.06761417499299001,0.8474389790473015,0.0849468459597086,
NGC3985,DBAR,9.215045465342875,8.257074774527517,9.164356723281426,,,0.11016136515139656,0.8898386348486034,,
NGC3992,DBARBN,11.045022323121833,9.91573468036569,10.968018304655079,9.94708234703307,8.970089371257444,0.07425271829671579,0.837521532620166,0.07981049858659871,0.008415250496519582
NGC4027,DBAR,10.511932457122253,9.321332319510073,10.482987268137236,,,0.06447626363419795,0.9355237363658021,,
NGC4034,DBARN,9.545355416839714,8.224210731958825,9.520699116265506,,7.41778440648946,0.04773702116355276,0.9448082991109296,,0.0074546797255177245
NGC4037,DBARN,9.603166769702913,8.435949229155003,9.560203047404569,,8.020620086783886,0.06804284428846352,0.9058082621622341,,0.026148893549302395
NGC4045,DBARB,10.01498988297192,9.317906931857973,9.756286011440729,9.409346447066339,,0.20087091085117945,0.5511833987647555,0.247945690384065,
NGC4067,DBARB,9.540404004732139,8.567942915807736,9.423391653974662,8.653141373886903,,0.10654643207992189,0.7638140614127429,0.12963950650733527,
NGC4116,DBAR,9.691415814504142,8.607729828788626,9.654034467864262,,,0.08247342191142808,0.9175265780885719,,
NGC4133,DBARB,9.689776638699023,8.93938973939344,9.519147344572998,8.85776224716603,,0.17766959022509665,0.6751040383601147,0.1472263714147887,
NGC4142,DBAR,9.269907946581121,7.843484757004236,9.253326381269007,,,0.03746077952619092,0.9625392204738091,,
NGC4145,DBAR,10.162680092063457,8.950111134407189,10.135208831871555,,,0.06129584583445215,0.9387041541655479,,
NGC4152,DBARN,10.237980662859002,9.074319482823695,10.19528133295569,,8.636576896263746,0.06860232268475275,0.9063598734291732,,0.025037803886073948
NGC4204,DBAR,9.359842296995067,8.466594374969741,9.300425954768844,,,0.12786511629753258,0.8721348837024675,,
NGC4245,DBARB,10.178545752151589,9.230022967767736,9.988051343112602,9.56325075670777,,0.1125841402347633,0.6449196222928553,0.2424962374723814,
NGC4262,DBARB,10.095975350817563,9.100068133416492,9.748250310145819,9.749210600849374,,0.10094685257246595,0.44902958833650936,0.45002355909102465,
NGC4267,DBARB,10.390514375895645,9.05564006041843,10.18701240747346,9.906200806999045,,0.04625148535116809,0.6258900270937616,0.3278584875550703,
NGC4273,DBARN,10.470192544797678,9.619696801499147,10.389945675590603,,8.911357935939554,0.14109260654655428,0.8312910998584235,,0.027616293595022223
NGC4276,DBAR,9.567659531999327,8.483838756364973,9.53029029912942,,,0.08244782899835551,0.9175521710016445,,
NGC4288,DBAR,9.162163679361418,8.215782271503796,9.110018438298916,,,0.1131406298575016,0.8868593701424984,,
NGC4293,DBARBN,10.346212178946228,9.620866731639225,10.193490923069735,9.341598922182198,8.315523778749933,0.18821513896342396,0.7035237190874734,0.09894338023732333,0.009317761711779397
NGC4314,DBARBN,10.526195997654709,9.885463519910891,10.248099922168684,9.890371939548933,8.636310111833957,0.22870071494095315,0.5271132394880943,0.23130016463556077,0.012885880935391687
NGC4369,DBAR,10.12399723587369,9.482084825803229,10.011569415325885,,,0.22808020252180983,0.7719197974781902,,
NGC4384,DBAR,9.91192055496263,8.87133008235541,9.87044756698911,,,0.09107716997429202,0.908922830025708,,
NGC4389,DBAR,9.75107799020676,8.803985457415083,9.699023386850449,,,0.11295552207705477,0.8870444779229453,,
NGC4390,DBARN,9.613644535302676,7.898570042528558,9.60336865921674,,7.227635039624333,0.019271943210000805,0.9766166494742436,,0.004111407315755647
NGC4394,DBARB,10.435424832084701,9.447630577450266,10.286913326331907,9.706739640527093,,0.10285034323331599,0.7103763497708728,0.1867733069958111,
NGC4405,DBARN,9.762638637804246,8.592317433500519,9.726962037507423,,7.815964611860917,0.06755831291260554,0.9211352447012663,,0.011306442386128176
NGC4411A,DBAR,9.149339178353575,7.6470219691148,9.135459205872621,,,0.031454500341876114,0.9685454996581239,,
NGC4412,DBARN,9.664436596506565,8.513463568213615,9.608124306636972,,8.371778461725121,0.07063614212300301,0.878390661797498,,0.050973196079499045
NGC4416,DBAR,9.484520698565355,8.095339711163218,9.466423110633027,,,0.04081492592149153,0.9591850740785084,,
NGC4424,DBAR,10.139237234344439,9.347065021472353,10.06280666871862,,,0.1613718534395771,0.8386281465604228,,
NGC4430,DBARN,9.968049241867696,8.678597727499636,9.942897211190656,,7.659890467346794,0.051350950368152945,0.9437304528026654,,0.004918596829181542
NGC4448,DBARB,10.352283971854206,9.471824996074693,10.259103228592547,9.140554342687208,,0.13168643001641536,0.8068991477036688,0.061414422279915816,
NGC4449,DBARN,9.22449196252353,8.169427014073994,9.180031342617633,,7.189068898675552,0.0880917122589687,0.9026915562355383,,0.009216731505492943
NGC4450,DBARBN,10.63603418274731,9.689340620754752,10.509990281411003,9.706252021803765,8.964374744550902,0.11305933795169087,0.7480938744506027,0.11754870231107693,0.02129808528662943
NGC4454,DBARBN,10.53995112739017,9.441136079755461,10.437815342729778,9.518626148909238,9.080410109641544,0.07964984818603865,0.7904314564341554,0.09520834622921927,0.03471034915058673
NGC4487,DBAR,10.091083371745079,8.668072929208407,10.074368443037153,,,0.03775631123756938,0.9622436887624306,,
NGC4491,DBARB,9.514513841952127,8.446317579617611,9.457884874848764,8.08014407813385,,0.08546803863650058,0.877750393626849,0.03678156773665045,
NGC4496A,DBAR,9.661840188604552,8.195533786046504,9.646739159484984,,,0.034173825496524736,0.9658261745034752,,
NGC4498,DBAR,9.584357286952821,8.341630644238249,9.558784302212864,,,0.05718384547897684,0.9428161545210232,,
NGC4504,DBARN,10.096968383920254,8.387829430700267,10.087285861372797,,7.496814477787662,0.019537142617354914,0.977951860960678,,0.0025109964219670214
NGC4519,DBAR,9.657296037111056,8.332253067448397,9.636247441014829,,,0.04731044470744571,0.9526895552925543,,
NGC4523,DBAR,8.956362251655692,7.385504533700085,8.94453657459636,,,0.02686224352974022,0.9731377564702597,,
NGC4525,DBARN,9.431943029219845,8.165724825092699,9.407350460762776,,6.376513273262612,0.0541728639358861,0.9449469586014962,,0.000880177462617659
NGC4535,DBARB,10.64402161095195,9.06688476034821,10.618627848779495,9.125722608253598,,0.02647665700780712,0.9432053116699428,0.030318031322250135,
NGC4540,DBARN,9.792251888967082,8.647655249785394,9.759638897331634,,6.6137699065402975,0.07168088535701822,0.9276561077897193,,0.0006630068532624387
NGC4548,DBARB,10.650798289812544,9.758584779279934,10.521804529888664,9.760714675700727,,0.1281700310325413,0.7430298138999254,0.12880015506753328,
NGC4559,DBARN,9.914000461809644,8.343930124761927,9.901554400022718,,7.041227776767572,0.026910989262212723,0.9717486326639211,,0.0013403780738662243
NGC4561,DBAR,9.249599099216896,8.044107379228281,9.221661670904606,,,0.06230290256325958,0.9376970974367403,,
NGC4579,DBARB,10.990814929974462,9.87621620123796,10.874280767651149,10.190946606902195,,0.07680708292778886,0.7646555370019411,0.15853738007026993,
NGC4584,DBAR,9.245942868205123,8.160132055565494,9.208752006965673,,,0.082070898371431,0.917929101628569,,
NGC4591,DBARN,9.372020273795611,8.083633763402368,9.329035222862839,,8.0030497535616,0.05147703089467413,0.905763778108913,,0.04275919099641295
NGC4593,DBARBN,10.966376817221091,9.893034295763119,10.8136236134429,10.24570496780256,9.305137220304411,0.08446124494033273,0.7034719678429265,0.1902515267298016,0.02181526048693916
NGC4596,DBARB,10.613007553421676,9.723199347466682,10.403139707879877,10.01841450560632,,0.12888185968192165,0.6167826583503104,0.254335481967768,
NGC4639,DBARB,9.982491922877358,9.22718665141442,9.828280780573536,9.073161881842543,,0.17566883798657668,0.7011143525941638,0.12321680941925955,
NGC4643,DBARB,10.607877549567919,9.8580051392981,10.272526385985687,10.164315757400484,,0.1778801920757888,0.4620072986032475,0.3601125093209636,
NGC4654,DBAR,10.372932197824172,9.022794459551234,10.35309279888039,,,0.04465419470838323,0.9553458052916167,,
NGC4658,DBAR,10.15645110012318,9.506459807083258,10.046381876433793,,,0.22387660220559136,0.7761233977944086,,
NGC4688,DBAR,9.345425945657595,7.852587467388773,9.331234646310605,,,0.03214855977619979,0.9678514402238002,,
NGC4691,DBAR,10.39835010275902,9.819318235700436,10.265455746991872,,,0.263613794785176,0.7363862052148239,,
NGC4713,DBARN,9.689993773021927,7.846697083022586,9.682670364491376,,7.06589495156705,0.014345091079434873,0.9832786094100814,,0.002376299510483882
NGC4725,DBARB,10.978482994256835,9.665855070131164,10.897525893321461,10.062647466352322,,0.04868241069929195,0.8299327431818555,0.12138484611885256,
NGC4733,DBARB,9.854252374808867,8.59204048759173,9.799956271910451,8.652537379588134,,0.05467491452736334,0.8824780198754588,0.06284706559717779,
NGC4779,DBARB,9.618354319836085,8.915280281255626,9.431081392957712,8.800654313468874,,0.1981189243610218,0.6497212529078951,0.15215982273108322,
NGC4897,DBARB,10.480338826028895,9.759098675258942,10.273524711700135,9.75648440489304,,0.19000273358576006,0.6211348339682805,0.18886243244595943,
NGC4900,DBAR,9.995453463921152,8.599365113041667,9.977647372962037,,,0.0401709080681052,0.9598290919318948,,
NGC4902,DBARB,10.975107084927052,9.8202588012225,10.894822401905568,9.96974368066723,,0.07000865212900975,0.8312187228878773,0.09877262498311287,
NGC4948A,DBAR,9.40859831169871,8.379658852673213,9.365940436374423,,,0.09355360794848715,0.9064463920515129,,
NGC4984,DBARB,10.651549934146535,10.076665309833631,10.26348091850433,10.162980285826762,,0.2661432008137464,0.4091956274897754,0.3246611716964783,
NGC4995,DBARN,10.696293778655233,9.335687696441175,10.667022142639734,,9.030516226138209,0.043590707488385526,0.9348207935304024,,0.021588498981212102
NGC5068,DBARN,9.66720464604073,8.322926841403133,9.646913851317798,,6.2536194217893915,0.04526079680820278,0.9543533565046777,,0.00038584668711954645
NGC5101,DBARB,11.02696958889984,10.271549037074795,10.747114413046909,10.503214551206527,,0.17562221413899826,0.5249824969357958,0.2993952889252059,
NGC5117,DBARB,9.96387807506943,9.106508002258602,9.871041139833496,8.692920885061675,,0.1388768723516071,0.8075381800935221,0.053584947554870796,
NGC5134,DBARBN,9.824585326505593,9.386229434950824,9.105763003764284,9.427978710839946,8.460585205149593,0.3644551642325136,0.19106347718699213,0.4012299875628344,0.04325137101765988
NGC5147,DBARN,9.87009469565735,8.544107293765887,9.847920988148754,,7.279634952028037,0.04720767351693063,0.9502246502785372,,0.0025676762045322575
NGC5218,DBARN,10.772780041375299,10.078484170460648,10.625925391778534,,9.700890067175347,0.20216414298957158,0.7130916488987928,,0.08474420811163558
NGC5236,DBARB,11.033196220417269,9.5964336479447,10.982870230968508,9.895556192372084,,0.03657947158641356,0.8905821997553707,0.07283832865821571,
NGC5334,DBARN,10.354405487378207,8.529613229388731,10.34742641474088,,7.342054370846827,0.014969515421354595,0.9840585234795284,,0.0009719610991171533
NGC5339,DBARB,10.3858292969831,9.403569327190693,10.308161499908937,9.160989527032804,,0.1041693682209704,0.8362424368144625,0.05958819496456703,
NGC5347,DBARN,10.047514007279476,9.176808489121555,9.917143945398198,,9.14318480763331,0.1346773250381527,0.740678840653005,,0.12464383430884216
NGC5355,DBARB,10.092053354703552,9.22776690739362,9.505519741554853,9.873246949803567,,0.13668270110811404,0.25909938780907366,0.6042179110828123,
NGC5375,DBARBN,10.641384237922956,9.740633973208489,10.464689222613112,9.898448021060062,9.086057996222353,0.12567524347814543,0.6657405104866324,0.1807439558119086,0.02784029022331365
NGC5430,DBARB,10.674915765114092,10.019317188619002,10.421262469429543,10.020023949677311,,0.22100465612979486,0.5576307369321952,0.22136460693800988,
NGC5448,DBARB,10.665496778244304,10.193261916625952,10.295579788673196,10.038839146693425,,0.3371049567506612,0.4266610623962374,0.2362339808531013,
NGC5534,DBARB,10.178693744234538,9.528479067818118,9.86102588875932,9.648561823094331,,0.22376147881817704,0.48120723072960947,0.2950312904522136,
NGC5569,DBAR,8.916656595180633,7.591472517821164,8.895615005280279,,,0.04729507545053151,0.9527049245494685,,
NGC5597,DBAR,10.552016106131886,9.886621153009022,10.446290476037193,,,0.21607526130597768,0.7839247386940225,,
NGC5600,DBAR,11.188754665937818,9.791108899271592,11.171013634566494,,,0.04002710987291884,0.9599728901270811,,
NGC5636,DBARB,9.543983238107986,7.763405701951412,9.517579646001707,8.171466723808374,,0.016573814121661572,0.9410147002392969,0.04241148563904152,
NGC5645,DBAR,9.808649399017053,8.842317586951964,9.758984649094147,,,0.10806080237216738,0.8919391976278326,,
NGC5661,DBAR,9.972866204042521,9.045160406338201,9.918279613222737,,,0.1181120486215745,0.8818879513784256,,
NGC5669,DBAR,9.982668315429276,8.819501451077643,9.951767034801692,,,0.06868045057195907,0.9313195494280408,,
NGC5691,DBAR,10.040352618064082,9.134846744026481,9.982704703350839,,,0.1243065822679663,0.8756934177320336,,
NGC5693,DBAR,9.60726644948753,8.29211780087557,9.58572057820197,,,0.0484006675322913,0.9515993324677088,,
NGC5701,DBARB,10.623190084466254,9.751147965791217,10.161955276313666,10.33918017759926,,0.13426347436447453,0.3457523908056063,0.5199841348299191,
NGC5713,DBARB,10.478614489141405,9.71633989505276,10.295228437716025,9.713044283429939,,0.17287229830997264,0.6555622672656484,0.17156543442437897,
NGC5728,DBARB,10.808405380946208,10.08704238330148,10.597770465233117,10.097005060689119,,0.18994899599044446,0.6156942309672544,0.194356773042301,
NGC5740,DBARB,10.389383440131278,9.122124927490114,10.294303646371889,9.543436701860601,,0.05404325361466116,0.8033785023493616,0.14257824403597724,
NGC5757,DBARB,10.680404454449073,9.843188271050739,10.52580830824986,9.868019459631705,,0.14547347614761388,0.7004930871725852,0.15403343667980096,
NGC5768,DBARN,10.032745024096311,8.507399124252286,9.99944333662701,,8.676037055777101,0.029830058163039363,0.9261862143538904,,0.04398372748307027
NGC5781,DBAR,10.021165704365027,9.401625540653457,9.901900763522727,,,0.24013741776594147,0.7598625822340586,,
NGC5850,DBARB,10.80116718577534,9.889798683058267,10.59931566556519,10.19751835466805,,0.12263981798250058,0.628273120731811,0.24908706128568853,
NGC5866B,DBAR,8.967226769083872,7.722890630835446,8.9417512121457,,,0.056972314332778426,0.9430276856672215,,
NGC5885,DBARN,10.380267330253817,8.621480322662116,10.368268312050164,,8.372554089626009,0.01742661322721252,0.9727494228395628,,0.009823963933224773
NGC5892,DBAR,10.255985902050085,8.81086712406325,10.240115922765051,,,0.03588237842026613,0.9641176215797339,,
NGC5921,DBARB,10.33886513216322,9.37012903850571,10.221769962230361,9.449008059781692,,0.10746422383918647,0.7636684173346037,0.12886735882620987,
NGC5950,DBAR,9.904444377382244,8.99392270362969,9.847503794214573,,,0.1228791861380002,0.8771208138619998,,
NGC5956,DBARN,9.871878865462504,9.062202517500591,9.743496181623417,,8.875885533904539,0.15499712835647045,0.744076033350954,,0.10092683829257548
NGC5964,DBAR,10.187531412320874,9.093556551836702,10.151063069048691,,,0.08054250625836946,0.9194574937416305,,
NGC5970,DBARN,10.517534979437405,9.581381899506717,10.455579429762913,,8.750848118371733,0.11583689827908866,0.8670506144168533,,0.017112487304058028
NGC6012,DBARN,9.966408123275974,9.297126384033099,9.858831661802395,,7.687304052781451,0.2141500897560633,0.7805909979303403,,0.005258912313596489
NGC6014,DBARN,10.141258140280502,9.167898603813967,10.04857288186631,,9.075016130594067,0.1063262417823492,0.8078202610800994,,0.08585349713755135
NGC6140,DBAR,9.759501922376325,8.66241473390747,9.723305152868319,,,0.07996736973041013,0.9200326302695898,,
NGC6217,DBARN,10.363341527608053,9.37680157111557,10.28784136852382,,9.114816814280301,0.10314781757562398,0.8404266992473927,,0.056425483176983295
NGC6236,DBAR,9.565676421066632,8.045451949550547,9.552365805215592,,,0.030183912170798164,0.9698160878292018,,
NGC6237,DBAR,8.804568597043318,7.649179136562566,8.773088217047823,,,0.06992146828853137,0.9300785317114686,,
NGC6267,DBARB,10.493145506878028,9.371269528895633,10.443268984645309,9.011196452537419,,0.07553078910881246,0.8915043729033618,0.03296483798782577,
NGC6339,DBAR,9.98900821070591,9.03367497623945,9.937991836478313,,,0.11083240710637088,0.8891675928936291,,
NGC6412,DBARN,10.08172806161709,8.619996675150706,10.064702402885457,,7.673772120420668,0.03453572786740571,0.9615554666498125,,0.0039088054827817265
NGC6889,DBARN,9.850231202004297,8.457752852543784,9.830026480194254,,7.544947590206658,0.040506213787571174,0.954542518737558,,0.004951267474870757
NGC7051,DBARN,10.186232956970182,9.693914619797898,9.959629593501711,,9.113921757057176,0.32187086180320423,0.5934670843271306,,0.08466205386966515
NGC7070,DBAR,10.10348205194675,8.573608711015927,10.09046832817826,,,0.029520700525396716,0.9704792994746032,,
NGC7079,DBARB,10.55350919443894,9.289808708459711,10.392760653927963,9.959832337982572,,0.05448783021663833,0.6906395731526671,0.2548725966306947,
NGC7091,DBAR,9.672043443616426,8.819430775326827,9.606336547138012,,,0.1404065381995965,0.8595934618004034,,
NGC7154,DBARN,9.842193598318074,8.981536363295843,9.773516519986657,,7.768311539444604,0.13782968543592924,0.8537346764356057,,0.008435638128465152
NGC7162A,DBAR,9.709522556514184,8.651306643239842,9.6697768997955,,,0.08745488775582355,0.9125451122441764,,
NGC7179,DBARB,10.503688996880827,9.26833573041341,10.461229025968468,9.047477295833973,,0.05816299123452285,0.9068595463213988,0.03497746244407838,
NGC7280,DBARB,10.093674871555987,9.038914499670112,9.916908794093267,9.484989202221449,,0.08815351383066818,0.665631586506224,0.24621489966310778,
NGC7418,DBARN,10.333188282334168,8.65587613252829,10.323777973709932,,6.948403681392474,0.021022668891583936,0.978565029148697,,0.00041230195971903337
NGC7421,DBARB,10.115431304063412,8.83577904774311,10.070843019178888,8.769135496845838,,0.05252278468045121,0.9024262404960086,0.045050974823540035,
NGC7424,DBAR,9.856677480524475,8.525720610848685,9.835920479516167,,,0.046670572713808735,0.9533294272861913,,
NGC7496,DBARN,9.92934913934623,8.709450510665729,9.883505279587624,,8.530419358655232,0.06027002495923339,0.8998210326115433,,0.039908942429223236
NGC7513,DBARB,10.144375059298818,9.312581409904002,10.056352447386018,8.702590525296225,,0.1473012222960423,0.816539856407404,0.0361589212965538,
NGC7661,DBAR,9.464836691981485,8.13509046243633,9.444020336926402,,,0.046800853192501,0.9531991468074991,,
NGC7723,DBARB,10.621562020444443,9.365988183203799,10.567862187141603,9.405412149418519,,0.05551702209810218,0.8836904603321859,0.06079251756971191,
NGC7724,DBARN,10.061416456694626,8.855492825891615,10.0311578203157,,7.765596530203046,0.06224097241646008,0.9326986832046938,,0.005060344378846014
NGC7741,DBAR,9.77850898390414,8.669165086910665,9.743361381846794,,,0.07774207050318732,0.9222579294968127,,
NGC7755,DBARB,10.508438656797743,9.563043021845505,10.348057360669229,9.799315285676474,,0.11339773107760258,0.6912238328705513,0.19537843605184615,
NGC7757,DBARN,10.134376391823725,8.795335887485017,10.111099933400926,,7.938867643525418,0.0458099160247558,0.9478149215855552,,0.006375162389688914
NGC7764,DBAR,9.648993374307938,8.744664637704332,9.591178103478551,,,0.12464396720353299,0.875356032796467,,
NGC7798,DBARB,10.320569420491434,8.872173342901394,10.247760467405254,9.395154079215017,,0.03561261973470535,0.8456507666237979,0.1187366136414968,
PGC002492,DBAR,8.957451639605399,7.6463709254523895,8.935697841417307,,,0.04885615511514418,0.9511438448848558,,
PGC003853,DBAR,9.661069710883009,8.150828079742363,9.647444683512944,,,0.030885765437097683,0.9691142345629024,,
PGC006626,DBARN,9.013543197821905,7.668199379659755,8.992385242368547,,6.393840210908475,0.04514983648809389,0.9524496894749629,,0.0024004740369431865
PGC006667,DBAR,9.637580840042087,8.252263273912646,9.619318092294941,,,0.04117962940431865,0.9588203705956813,,
PGC012068,DBAR,9.204054641450801,8.11007511343181,9.167586707042275,,,0.08054164064080402,0.919458359359196,,
PGC012664,DBAR,9.618711540863147,8.330166741776686,9.595767981732855,,,0.05145827231595671,0.9485417276840433,,
PGC015869,DBAR,9.351939587664527,8.177688890204958,9.321844596634723,,,0.06694980286177689,0.9330501971382231,,
PGC016784,DBAR,9.270719569244802,8.209244669697634,9.23128496113752,,,0.08680107433295427,0.9131989256670457,,
PGC032091,DBARB,9.579046718496604,8.383496986235782,9.541844045526071,7.842688832218872,,0.06374560799985761,0.9179041365767177,0.018350255423424677,
PGC036217,DBARN,9.580359977619377,8.206761262068888,9.560724491610397,,6.85902102916927,0.04230593369956323,0.9557944711527612,,0.0018995951476755532
PGC037373,DBAR,9.344505266114293,8.303326151652733,9.303091218108806,,,0.0909538077853206,0.9090461922146794,,
PGC042868,DBARN,9.74522080154213,8.557145490246274,9.714765655189845,,7.203262069522683,0.06485219631704307,0.9322767502976821,,0.0028710533852747923
PGC045195,DBAR,9.572996681481909,8.048377800731854,9.559822123373243,,,0.029880036196808575,0.9701199638031914,,
PGC048179,DBAR,9.7801924661996,8.711978270038783,9.74139303012033,,,0.08546450937841317,0.9145354906215868,,
PGC053093,DBARN,10.12736635745362,9.243816441928944,10.054834301060158,,8.49017608750269,0.13075252502050516,0.8461901070324055,,0.023057367947089378
PGC066559,DBAR,9.335888883845392,8.477708717797233,9.271084643002816,,,0.13861806557786432,0.8613819344221357,,
PGC067871,DBAR,9.253346831498732,8.276990177700654,9.20488105087073,,,0.10559499797625034,0.8944050020237496,,
PGC068771,DBAR,9.572769945357992,8.394863743432321,9.542936070985414,,,0.06638864398161949,0.9336113560183805,,
UGC01551,DBARN,9.878841218065409,8.363396877721721,9.864798281897803,,6.99274974030759,0.030517971257398864,0.9681821329973644,,0.001299895745236668
UGC04393,DBAR,9.219027159182469,8.489408897032966,9.129452799482053,,,0.1863724600793436,0.8136275399206564,,
UGC04621,DBARN,10.134778238210393,9.243458364909221,10.043817401543068,,8.916761639900605,0.12843403492359062,0.8110341911103491,,0.06053177396606025
UGC04867,DBAR,9.229566609683584,8.065829700740236,9.198707337563349,,,0.06859036138595387,0.9314096386140461,,
UGC05004,DBAR,8.84253940914203,7.519186358047795,8.821406720270957,,,0.04749489686102526,0.9525051031389746,,
UGC05354,DBAR,8.596117290683658,7.427306003104259,8.565629369758067,,,0.0677936024722995,0.9322063975277005,,
UGC05478,DBAR,8.998964191661328,7.729957476511932,8.974935134518564,,,0.05382614597440413,0.946173854025596,,
UGC05612,DBAR,9.36182668272279,8.282472769126977,9.324053815479651,,,0.08330020810855364,0.9166997918914465,,
UGC05633,DBAR,9.11211701505497,8.009020180324464,9.076438684812743,,,0.07886842449227904,0.921131575507721,,
UGC05676,DBAR,8.878477570815313,7.490140122747675,8.860344052508621,,,0.0408942786524747,0.9591057213475253,,
UGC05688,DBAR,9.440585272896868,8.14308299134464,9.418122412869604,,,0.05040779709381477,0.9495922029061852,,
UGC05707,DBAR,9.331700639273329,8.095295432968106,9.305741269900441,,,0.05802228042519501,0.9419777195748049,,
UGC05934,DBAR,8.767005967267853,7.124879681460178,8.756990851815303,,,0.022796790818239814,0.9772032091817601,,
UGC06157,DBAR,9.529486191610877,8.388896416727226,9.496872548447806,,,0.0723452838768797,0.9276547161231203,,
UGC06194,DBAR,9.536100000734516,8.386428660772744,9.50418668556575,,,0.07084817376609148,0.9291518262339085,,
UGC06309,DBARN,10.333465662311015,9.163942341109909,10.29970235125739,,8.185651968160814,0.06768254470603498,0.9252022685031145,,0.0071151867908506375
UGC06816,DBAR,8.934840723864195,7.941092807050437,8.88838296879531,,,0.10145000743233547,0.8985499925676645,,
UGC06903,DBAR,9.878712945959029,8.472772595465853,9.861314349428653,,,0.039269886812548824,0.9607301131874512,,
UGC06917,DBAR,9.443323795605279,7.961890313942998,9.428748475274842,,,0.033003995432319515,0.9669960045676805,,
UGC06930,DBAR,9.513779883275138,8.115930226102522,9.496047351260946,,,0.04000832254631757,0.9599916774536824,,
UGC06983,DBAR,9.355010259679682,8.218912100195661,9.322044367096757,,,0.07309738496887593,0.9269026150311241,,
UGC07129,DBARN,9.539149131278355,8.679417388135532,9.44195111078204,,8.334379907986984,0.1381237169594731,0.7994696464752142,,0.062406636565312604
UGC07133,DBAR,9.297719629463007,7.725988789224173,9.285918028967489,,,0.026808292895464998,0.9731917071045351,,
UGC07239,DBAR,9.38023911594738,8.055771660179465,9.359161920016103,,,0.04737318063466263,0.9526268193653373,,
UGC07257,DBAR,8.68173618164487,7.849743856590643,8.612566133526874,,,0.14723385216867835,0.8527661478313217,,
UGC07700,DBAR,9.337904648308685,8.056210345473795,9.314586342403853,,,0.052276402984917536,0.9477235970150825,,
UGC07943,DBAR,9.182365659348648,7.968361936989014,9.154987922288063,,,0.0610936788513491,0.9389063211486509,,
UGC08041,DBARN,9.432511806160424,8.024387622398681,9.410374410386098,,7.458758250651643,0.03907291532857121,0.9503041026983708,,0.010622981973057813
UGC08056,DBARB,9.079768949529502,7.897324418907404,9.021684632889256,7.85419525702952,,0.06569850231913399,0.8748139169075666,0.05948758077329954,
UGC08084,DBAR,9.470266409483099,8.562482756209292,9.412940864372368,,,0.12365632823788977,0.8763436717621101,,
UGC08597,DBAR,9.416287493574947,8.587244000973678,9.346606283378938,,,0.14823696251904883,0.8517630374809512,,
UGC08733,DBAR,9.475280571124118,8.035944464010294,9.459193880033292,,,0.036363350569274026,0.9636366494307259,,
UGC08877,DBAR,8.964257218570483,7.476276712546318,8.94990361857751,,,0.03251018897563131,0.9674898110243687,,
UGC09215,DBAR,9.73264710566855,8.871831930586,9.66826541477426,,,0.13777956996847934,0.8622204300315206,,
UGC09569,DBAR,9.340237254802306,8.199746671272363,9.307615875021297,,,0.07236180917594115,0.927638190824059,,
UGC09601,DBAR,9.232532430637516,8.27366207449478,9.181954936945482,,,0.10993339592461963,0.8900666040753804,,
UGC09661,DBAR,8.958928270596255,7.835277573589882,8.92496540007372,,,0.07522276673881616,0.9247772332611838,,
UGC09730,DBAR,9.095975712700119,8.0073837966343,9.059032641290962,,,0.08154701790380033,0.9184529820961997,,
UGC10290,DBAR,9.345765453066948,8.05157308199007,9.323126183919598,,,0.05079344027866431,0.9492065597213358,,
UGC10791,DBAR,8.799584656403056,7.340804822123074,8.784214910555413,,,0.0347712389671917,0.9652287610328083,,
UGC10854,DBAR,8.942109334909945,7.6481797266703255,8.91945600045412,,,0.05082418132519622,0.9491758186748037,,
UGC11782,DBAR,8.661407278436204,7.48703895705548,8.631320726133,,,0.06693167269355597,0.9330683273064441,,
UGC12151,DBAR,9.083092172336695,7.615949700857329,9.068020696379673,,,0.034108100072183276,0.9658918999278168,,
UGC12681,DBAR,9.09013076965259,8.688110913586852,8.870980779971191,,,0.3962599167265405,0.6037400832734594,,
UGC12707,DBARN,9.559448849450705,8.545137426773627,9.511866659800855,,7.405480379418434,0.09675837751584525,0.8962265602218795,,0.007015062262275105
UGC12732,DBAR,8.65663074695573,7.623235916121094,8.614430115557822,,,0.09259875960103367,0.9074012403989663,,
