Name,y$_{3.6\mu m}$_center,x$_{3.6\mu m}$_center,SKY$_{3.6\mu m}$,$\sigma$_SKY$_{3.6\mu m}$,RMS$_{3.6\mu m}$,y$_{4.5\mu m}$_center,x$_{4.5\mu m}$_center,SKY$_{4.5\mu m}$,$\sigma$_SKY$_{4.5\mu m}$,RMS$_{4.5\mu m}$
ESO012-010,294.0,755.0,0.0011,0.0156,0.0125,771.0,293.0,-0.0114,0.0132,0.0106
ESO013-016,284.0,481.0,0.0068,0.0149,0.0119,787.0,321.0,-0.0347,0.0135,0.0108
ESO026-001,500.0,790.0,0.0234,0.0249,0.0253,298.0,290.0,0.0045,0.0137,0.011
ESO027-001,295.0,777.0,0.015,0.0164,0.0131,750.0,299.0,-0.0445,0.0136,0.0109
ESO048-017,549.0,778.0,0.0127,0.0148,0.0118,286.0,297.0,0.0337,0.0142,0.0117
ESO079-007,297.0,561.0,0.0137,0.0151,0.0121,767.0,289.0,-0.0229,0.0132,0.0106
ESO238-018,675.0,696.0,0.0047,0.0154,0.0123,735.0,609.0,0.0669,0.015,0.0121
ESO287-037,763.0,584.0,0.0489,0.0123,0.0099,291.0,294.0,0.123,0.0121,0.0098
ESO340-017,776.0,531.0,0.0463,0.0127,0.0104,283.0,282.0,0.087,0.0127,0.0102
ESO341-032,748.0,587.0,0.0356,0.0164,0.0134,778.0,442.0,0.0851,0.0158,0.0127
ESO357-012,290.0,300.0,0.0391,0.0128,0.0103,761.0,615.0,0.0999,0.0122,0.0098
ESO408-012,640.0,733.0,0.0258,0.0157,0.0126,768.0,515.0,0.0538,0.0154,0.0124
ESO418-009,292.0,598.0,0.0134,0.0044,0.0035,806.0,421.0,0.0192,0.0065,0.0052
ESO438-017,795.0,278.0,-0.01,0.013,0.0112,285.0,475.0,0.0214,0.0121,0.0097
ESO440-011,798.0,287.0,0.0476,0.0141,0.0113,288.0,551.0,0.0209,0.0133,0.0107
ESO445-089,792.0,523.0,0.0434,0.0164,0.0132,778.0,417.0,0.0805,0.0161,0.0129
ESO482-035,280.0,278.0,0.0346,0.0155,0.0124,770.0,509.0,0.0646,0.0141,0.0112
ESO485-021,262.0,278.0,0.0344,0.0143,0.0114,780.0,419.0,0.0715,0.0197,0.0177
ESO508-024,798.0,276.0,0.0729,0.0132,0.0107,279.0,480.0,0.0769,0.0127,0.0103
ESO510-059,791.0,503.0,0.035,0.0175,0.014,782.0,431.0,0.1193,0.0163,0.0131
ESO532-022,753.0,579.0,0.0394,0.0159,0.0127,778.0,438.0,0.0761,0.0152,0.0122
ESO576-032,796.0,276.0,0.0803,0.0129,0.0104,277.0,474.0,0.078,0.0126,0.0102
ESO580-022,797.0,269.0,0.0595,0.0119,0.0096,273.0,417.0,0.0964,0.0115,0.0093
ESO602-030,761.0,566.0,0.0579,0.0163,0.0131,775.0,478.0,0.1191,0.0157,0.0126
IC0749,411.0,842.0,0.0313,0.0094,0.0077,901.0,606.0,0.0847,0.0147,0.0123
IC0758,297.0,714.0,0.0084,0.015,0.012,790.0,300.0,-0.0073,0.0134,0.0109
IC0769,779.0,426.0,0.0581,0.0158,0.0127,791.0,510.0,0.0905,0.0159,0.0128
IC0797,881.0,373.0,0.0828,0.0116,0.0093,383.0,598.0,0.2119,0.0186,0.0149
IC0800,879.0,374.0,0.0804,0.0116,0.0092,382.0,600.0,0.2075,0.0185,0.0148
IC0863,794.0,280.0,0.0881,0.0127,0.0103,285.0,473.0,0.0962,0.0133,0.011
IC1067,988.0,321.0,0.0504,0.011,0.009,487.0,537.0,0.0901,0.0165,0.0138
IC1438,762.0,554.0,0.0667,0.0162,0.013,776.0,465.0,0.0985,0.0157,0.0126
IC1870,271.0,270.0,0.1088,0.0137,0.011,777.0,464.0,0.234,0.0144,0.0117
IC1933,296.0,299.0,0.0031,0.0143,0.0114,780.0,652.0,0.0156,0.0133,0.0107
IC1953,194.0,304.0,0.058,0.0181,0.0145,713.0,461.0,0.1354,0.0293,0.0235
IC1954,296.0,299.0,0.0036,0.0146,0.0116,780.0,661.0,0.0224,0.0132,0.0106
IC2035,296.0,298.0,0.0227,0.0142,0.0113,780.0,648.0,0.0526,0.0133,0.0106
IC2051,296.0,296.0,0.0116,0.015,0.012,778.0,656.0,-0.0284,0.013,0.0104
IC3021,771.0,499.0,0.0726,0.0164,0.0131,783.0,533.0,0.1127,0.0169,0.0136
IC3115,780.0,452.0,0.0635,0.0161,0.0129,791.0,510.0,0.1242,0.0159,0.0128
IC3517,787.0,286.0,0.0549,0.012,0.0097,294.0,520.0,0.1555,0.0125,0.0102
IC3521,777.0,485.0,0.0876,0.0163,0.013,786.0,512.0,0.1559,0.0171,0.0138
IC4237,791.0,281.0,0.1162,0.0174,0.0148,287.0,487.0,0.2189,0.0136,0.011
IC4536,796.0,266.0,0.1227,0.0132,0.0108,269.0,397.0,0.243,0.0131,0.0107
IC5007,781.0,456.0,0.0785,0.0173,0.0141,779.0,437.0,0.2305,0.0177,0.0144
IC5240,677.0,694.0,0.0245,0.0155,0.0125,745.0,583.0,0.072,0.0154,0.0124
IC5270,688.0,682.0,0.0267,0.0156,0.0127,778.0,446.0,0.0526,0.0147,0.012
IC5273,679.0,692.0,0.0217,0.0153,0.0122,778.0,443.0,0.046,0.0143,0.0115
NGC0210,722.0,284.0,0.0625,0.0168,0.0135,1224.0,494.0,0.1235,0.016,0.0129
NGC0255,764.0,552.0,0.0603,0.0164,0.0132,777.0,467.0,0.1207,0.0162,0.0131
NGC0289,1071.0,987.0,0.0292,0.0186,0.0149,1034.0,673.0,0.0656,0.017,0.0136
NGC0337,293.0,289.0,0.107,0.0093,0.0076,783.0,522.0,0.301,0.0126,0.0102
NGC0337A,275.0,283.0,0.0808,0.0129,0.0103,776.0,505.0,0.2025,0.0125,0.0102
NGC0450,777.0,547.0,0.1272,0.0126,0.0102,286.0,281.0,0.272,0.0138,0.0112
NGC0578,426.0,643.0,0.0386,0.0178,0.0141,920.0,883.0,0.1217,0.017,0.0136
NGC0600,277.0,285.0,0.086,0.013,0.0104,775.0,516.0,0.2461,0.0134,0.0109
NGC0613,719.0,736.0,0.043,0.0145,0.0116,1214.0,958.0,0.0728,0.0142,0.0114
NGC0685,277.0,449.0,0.0048,0.0154,0.0123,790.0,425.0,-0.0148,0.0135,0.0108
NGC0701,279.0,287.0,0.0873,0.0131,0.0105,775.0,527.0,0.2536,0.0136,0.0111
NGC0718,275.0,273.0,0.1116,0.0123,0.0099,777.0,485.0,0.27,0.0137,0.011
NGC0864,573.0,621.0,0.1257,0.0168,0.0133,1079.0,814.0,0.316,0.0184,0.0147
NGC0936,567.0,602.0,0.1137,0.018,0.0143,1070.0,804.0,0.217,0.018,0.0145
NGC0986,759.0,975.0,0.0158,0.0055,0.0045,522.0,482.0,0.016,0.0086,0.007
NGC0991,276.0,276.0,0.0593,0.0147,0.0117,772.0,493.0,0.069,0.0144,0.0115
NGC1015,272.0,271.0,0.1004,0.0141,0.0115,776.0,474.0,0.2319,0.0158,0.0134
NGC1022,274.0,273.0,0.0854,0.0142,0.0113,775.0,481.0,0.1866,0.0142,0.0113
NGC1036,783.0,443.0,0.1041,0.0164,0.0132,779.0,439.0,0.211,0.0166,0.0134
NGC1051,274.0,273.0,0.0644,0.0144,0.0115,774.0,480.0,0.0725,0.014,0.0112
NGC1073,548.0,437.0,0.0702,0.018,0.0145,1058.0,633.0,0.0916,0.0185,0.0149
NGC1087,271.0,270.0,0.0769,0.0148,0.0124,778.0,468.0,0.1022,0.0138,0.011
NGC1179,585.0,614.0,0.0685,0.0187,0.015,1076.0,845.0,0.1312,0.0182,0.0146
NGC1187,598.0,623.0,0.0405,0.0189,0.0151,1078.0,875.0,0.0429,0.0183,0.0147
NGC1232,719.0,732.0,0.0476,0.0165,0.0135,1206.0,968.0,0.0533,0.0157,0.0127
NGC1255,427.0,568.0,0.0353,0.0183,0.0147,909.0,814.0,0.0439,0.0173,0.0139
NGC1258,281.0,281.0,0.0266,0.0148,0.0118,766.0,524.0,0.1225,0.0146,0.0116
NGC1291,850.0,819.0,0.0323,0.0091,0.0073,1304.0,1116.0,0.0629,0.0126,0.0101
NGC1300,362.0,755.0,0.0806,0.0161,0.013,853.0,986.0,0.1347,0.0148,0.0119
NGC1302,598.0,624.0,0.0355,0.0188,0.015,1078.0,876.0,0.0481,0.0179,0.0142
NGC1310,292.0,300.0,0.0356,0.0128,0.0102,760.0,621.0,0.0948,0.0123,0.0099
NGC1313,432.0,812.0,0.0187,0.0089,0.0072,975.0,819.0,0.0174,0.0106,0.0086
NGC1326,605.0,628.0,0.0218,0.0189,0.015,1078.0,894.0,0.0633,0.0177,0.0141
NGC1326A,780.0,469.0,0.0054,0.0161,0.013,757.0,553.0,0.0538,0.0151,0.0122
NGC1338,270.0,269.0,0.105,0.0164,0.013,777.0,462.0,0.089,0.0142,0.0113
NGC1341,780.0,474.0,0.0084,0.0165,0.0135,756.0,557.0,0.0724,0.0158,0.0129
NGC1345,276.0,274.0,0.0648,0.0143,0.0114,774.0,490.0,0.0731,0.0135,0.0108
NGC1365,934.0,1111.0,0.022,0.0213,0.0172,738.0,601.0,0.0021,0.0301,0.0242
NGC1367,592.0,619.0,0.0427,0.0188,0.015,1077.0,860.0,0.0608,0.0178,0.0142
NGC1398,1335.0,1061.0,0.0393,0.0134,0.0108,1339.0,1134.0,0.0521,0.013,0.0104
NGC1452,270.0,268.0,0.1058,0.0155,0.0124,777.0,459.0,0.0798,0.0138,0.011
NGC1483,291.0,293.0,-0.0076,0.0154,0.0123,759.0,601.0,0.0224,0.0139,0.0111
NGC1493,630.0,641.0,0.0155,0.0189,0.015,1071.0,956.0,0.0484,0.0179,0.0142
NGC1533,295.0,299.0,0.0136,0.0182,0.0158,775.0,713.0,0.0255,0.0133,0.0106
NGC1559,782.0,853.0,0.0135,0.0076,0.0061,690.0,758.0,0.0138,0.0123,0.0101
NGC1637,271.0,235.0,0.0539,0.0051,0.0042,814.0,241.0,0.1229,0.0063,0.0053
NGC1640,259.0,275.0,0.0375,0.0142,0.0113,781.0,402.0,0.0705,0.0141,0.0113
NGC1672,381.0,916.0,0.0166,0.0094,0.0083,645.0,439.0,0.0315,0.0091,0.0077
NGC1679,236.0,412.0,0.0256,0.01,0.008,776.0,359.0,0.0617,0.0133,0.0107
NGC1688,289.0,294.0,0.0052,0.0145,0.0116,755.0,755.0,0.0213,0.0135,0.0108
NGC1800,241.0,319.0,0.0241,0.0072,0.0058,779.0,239.0,0.0606,0.0108,0.0087
NGC1879,266.0,398.0,0.034,0.0144,0.0114,792.0,334.0,0.0593,0.014,0.0114
NGC2500,845.0,363.0,0.0429,0.0158,0.0156,340.0,570.0,0.0549,0.017,0.0137
NGC2608,819.0,366.0,0.0682,0.0213,0.0171,296.0,524.0,0.1272,0.0263,0.0211
NGC2633,1001.0,851.0,0.0254,0.0108,0.0087,1261.0,574.0,0.0574,0.0148,0.0119
NGC2743,788.0,436.0,0.0924,0.0167,0.0134,790.0,455.0,0.2571,0.0176,0.0142
NGC2780,784.0,459.0,0.0608,0.0162,0.0129,790.0,487.0,0.1,0.0165,0.0133
NGC2893,817.0,407.0,0.0416,0.0218,0.0176,330.0,653.0,0.0297,0.0247,0.0198
NGC2938,363.0,589.0,0.0058,0.0155,0.0126,754.0,778.0,0.0002,0.0138,0.0111
NGC3020,338.0,534.0,0.1823,0.0224,0.0181,849.0,350.0,0.4851,0.0311,0.0249
NGC3023,309.0,531.0,0.0569,0.0125,0.0102,804.0,307.0,0.1215,0.0172,0.014
NGC3049,802.0,280.0,0.0321,0.0072,0.0058,284.0,451.0,0.0243,0.0109,0.0089
NGC3057,299.0,650.0,-0.0063,0.0154,0.0123,717.0,791.0,-0.0087,0.0137,0.0111
NGC3061,299.0,685.0,-0.0057,0.0151,0.0121,686.0,790.0,-0.0357,0.0137,0.0111
NGC3066,303.0,667.0,0.0013,0.0154,0.0124,705.0,771.0,-0.0443,0.0142,0.0115
NGC3153,793.0,477.0,0.109,0.0163,0.0131,785.0,482.0,0.1978,0.0167,0.0135
NGC3155,300.0,664.0,0.0051,0.0154,0.0123,707.0,760.0,-0.0288,0.014,0.0113
NGC3166,604.0,871.0,0.0677,0.0155,0.0124,1097.0,643.0,0.0772,0.0145,0.0118
NGC3206,721.0,439.0,0.0027,0.0206,0.0166,356.0,845.0,0.002,0.0244,0.0195
NGC3254,302.0,614.0,0.0876,0.0249,0.0199,811.0,421.0,0.1969,0.0317,0.0254
NGC3319,257.0,470.0,0.0166,0.0053,0.0043,788.0,358.0,0.0334,0.0068,0.0055
NGC3346,280.0,498.0,0.0974,0.0125,0.0101,790.0,286.0,0.1176,0.013,0.0105
NGC3351,1078.0,559.0,0.0836,0.0093,0.0075,575.0,769.0,0.1936,0.0153,0.0124
NGC3359,670.0,1046.0,0.0396,0.0156,0.0125,1065.0,666.0,0.0694,0.0153,0.0123
NGC3380,286.0,530.0,0.085,0.0134,0.0108,792.0,292.0,0.1934,0.0134,0.0108
NGC3381,343.0,429.0,0.0358,0.02,0.0161,877.0,328.0,0.0472,0.0237,0.019
NGC3447,281.0,504.0,0.0731,0.0127,0.0102,790.0,288.0,0.1002,0.0131,0.0106
NGC3485,283.0,507.0,0.104,0.0129,0.0103,790.0,288.0,0.1228,0.0131,0.0106
NGC3489,760.0,323.0,0.0653,0.0235,0.0187,264.0,551.0,0.1299,0.0303,0.0244
NGC3504,965.0,524.0,0.0524,0.0063,0.0051,479.0,773.0,0.1236,0.0101,0.0082
NGC3507,284.0,514.0,0.102,0.013,0.0104,792.0,290.0,0.2372,0.0134,0.0108
NGC3583,297.0,620.0,0.0329,0.017,0.0146,785.0,301.0,0.0764,0.0138,0.011
NGC3637,752.0,255.0,0.0267,0.0122,0.0098,246.0,456.0,0.0072,0.0118,0.0094
NGC3654,291.0,751.0,0.0173,0.0153,0.0123,583.0,779.0,-0.0422,0.0141,0.0113
NGC3664,330.0,555.0,0.0942,0.0215,0.0172,830.0,342.0,0.2052,0.0267,0.0215
NGC3673,1099.0,918.0,0.0319,0.0186,0.015,1111.0,746.0,-0.0065,0.0172,0.0139
NGC3681,285.0,523.0,0.1185,0.0136,0.011,792.0,290.0,0.258,0.0138,0.0112
NGC3683A,300.0,663.0,0.0192,0.0145,0.0116,791.0,303.0,0.024,0.0134,0.0107
NGC3684,781.0,513.0,0.1414,0.0169,0.0136,781.0,490.0,0.3565,0.0184,0.0148
NGC3686,348.0,533.0,0.0636,0.0213,0.0172,861.0,352.0,0.1375,0.026,0.0208
NGC3691,783.0,513.0,0.137,0.0174,0.0141,781.0,489.0,0.3166,0.0186,0.0152
NGC3729,597.0,419.0,0.0151,0.0207,0.0166,340.0,899.0,-0.0261,0.0235,0.0188
NGC3782,293.0,583.0,0.0388,0.014,0.0112,790.0,298.0,0.0236,0.0127,0.0101
NGC3795A,300.0,675.0,0.0164,0.0143,0.0115,791.0,302.0,0.0536,0.0139,0.0113
NGC3870,321.0,554.0,0.0158,0.0054,0.0045,813.0,324.0,0.0519,0.0077,0.0064
NGC3887,1115.0,951.0,0.0383,0.0177,0.0141,1106.0,823.0,0.052,0.0168,0.0135
NGC3906,370.0,701.0,0.0425,0.0089,0.0072,790.0,354.0,0.1336,0.0142,0.0115
NGC3930,781.0,590.0,0.0679,0.0157,0.0126,755.0,496.0,0.1907,0.0162,0.0131
NGC3941,764.0,349.0,0.0725,0.0248,0.0198,271.0,582.0,0.1775,0.0325,0.0261
NGC3953,580.0,814.0,0.0083,0.0114,0.0097,698.0,913.0,-0.013,0.0522,0.0568
NGC3985,296.0,610.0,0.0425,0.0138,0.011,791.0,300.0,0.0244,0.0128,0.0103
NGC3992,919.0,1317.0,0.0455,0.0127,0.0101,1312.0,940.0,0.0584,0.012,0.0096
NGC4027,1101.0,655.0,0.0452,0.0173,0.0139,586.0,892.0,0.0069,0.0168,0.0135
NGC4034,716.0,297.0,0.0097,0.0154,0.0124,508.0,777.0,-0.044,0.0145,0.0118
NGC4037,777.0,495.0,0.0919,0.0165,0.0133,785.0,504.0,0.2363,0.0173,0.014
NGC4045,781.0,496.0,0.0856,0.0168,0.0135,783.0,501.0,0.117,0.0177,0.0142
NGC4051,766.0,791.0,0.0129,0.011,0.0092,862.0,898.0,0.0508,0.0457,0.0483
NGC4067,782.0,432.0,0.0748,0.0161,0.0129,791.0,498.0,0.0874,0.0164,0.0132
NGC4116,827.0,527.0,0.1039,0.0173,0.014,327.0,743.0,0.2491,0.0193,0.0157
NGC4123,781.0,470.0,0.0541,0.0161,0.0129,789.0,503.0,0.1105,0.0161,0.0129
NGC4133,294.0,781.0,0.0122,0.0153,0.0123,769.0,288.0,0.0043,0.0135,0.0109
NGC4142,757.0,625.0,0.0438,0.0158,0.0127,737.0,569.0,0.0881,0.015,0.0121
NGC4145,845.0,994.0,0.0667,0.0194,0.0156,807.0,899.0,0.1654,0.02,0.016
NGC4152,779.0,502.0,0.0857,0.016,0.0128,784.0,506.0,0.2238,0.017,0.0137
NGC4189,818.0,405.0,0.0689,0.0174,0.014,323.0,635.0,0.2007,0.025,0.0203
NGC4204,1060.0,827.0,0.0662,0.0178,0.0144,1084.0,985.0,0.0284,0.0174,0.014
NGC4214,701.0,332.0,0.0096,0.0047,0.0037,300.0,703.0,0.0105,0.0069,0.0056
NGC4234,836.0,408.0,0.0695,0.021,0.0168,337.0,630.0,0.181,0.0267,0.0214
NGC4245,733.0,340.0,0.0254,0.0106,0.0085,289.0,658.0,0.0477,0.0148,0.0118
NGC4262,763.0,333.0,0.0619,0.0111,0.0089,270.0,567.0,0.184,0.0162,0.0131
NGC4267,770.0,295.0,0.0722,0.0205,0.0164,291.0,556.0,0.0917,0.0263,0.0212
NGC4273,1114.0,825.0,0.0893,0.0127,0.0113,614.0,1045.0,0.2137,0.0191,0.0161
NGC4276,777.0,448.0,0.0618,0.016,0.0128,790.0,512.0,0.1137,0.016,0.0129
NGC4288,296.0,634.0,0.0377,0.0076,0.0061,723.0,297.0,0.1175,0.0106,0.0086
NGC4293,987.0,527.0,0.0523,0.0059,0.0048,505.0,784.0,0.1139,0.0096,0.0078
NGC4314,705.0,339.0,0.0151,0.0101,0.0081,300.0,706.0,0.0016,0.0141,0.0114
NGC4369,832.0,418.0,0.0127,0.0056,0.0045,430.0,787.0,0.012,0.0085,0.0069
NGC4384,299.0,656.0,0.0331,0.0141,0.0114,792.0,303.0,0.0135,0.0129,0.0103
NGC4389,767.0,646.0,0.0489,0.0182,0.0154,720.0,544.0,0.1222,0.019,0.0172
NGC4390,776.0,432.0,0.0699,0.0159,0.0128,791.0,517.0,0.125,0.0162,0.0131
NGC4394,544.0,662.0,0.1134,0.0124,0.0099,1027.0,413.0,0.3372,0.0174,0.014
NGC4405,387.0,530.0,0.0547,0.0097,0.008,914.0,400.0,0.0526,0.0103,0.0085
NGC4411A,777.0,779.0,0.064,0.0166,0.0133,791.0,606.0,0.1147,0.016,0.0129
NGC4412,817.0,386.0,0.0653,0.021,0.0169,320.0,611.0,0.1543,0.0259,0.0208
NGC4413,910.0,1136.0,0.0518,0.0131,0.011,432.0,1373.0,0.0672,0.01,0.0084
NGC4416,749.0,244.0,0.1048,0.0122,0.0098,252.0,476.0,0.1795,0.0122,0.01
NGC4424,672.0,789.0,0.0468,0.0078,0.0064,1193.0,634.0,0.0646,0.0111,0.009
NGC4430,778.0,454.0,0.0607,0.016,0.0128,790.0,513.0,0.1314,0.016,0.0129
NGC4448,730.0,314.0,0.0345,0.0065,0.0053,256.0,587.0,0.1,0.0111,0.0091
NGC4449,686.0,357.0,0.0116,0.0102,0.0082,292.0,735.0,0.0101,0.0152,0.0121
NGC4450,965.0,529.0,0.0318,0.0089,0.0072,487.0,831.0,0.0536,0.0129,0.0104
NGC4454,781.0,478.0,0.0584,0.016,0.0128,787.0,494.0,0.1006,0.0154,0.0124
NGC4487,876.0,819.0,0.0945,0.0202,0.0161,861.0,804.0,0.1291,0.0205,0.0164
NGC4491,784.0,511.0,0.1292,0.0167,0.0134,779.0,486.0,0.3061,0.0179,0.0144
NGC4496A,840.0,357.0,0.0509,0.0097,0.0078,348.0,593.0,0.0943,0.0152,0.0122
NGC4498,382.0,533.0,0.0328,0.0074,0.0062,911.0,413.0,0.0465,0.0096,0.0079
NGC4502,775.0,487.0,0.0705,0.0163,0.0134,786.0,526.0,0.1824,0.0169,0.0139
NGC4504,791.0,279.0,0.0804,0.0125,0.0101,287.0,490.0,0.1094,0.0129,0.0105
NGC4519,818.0,404.0,0.0541,0.0221,0.0178,325.0,640.0,0.1432,0.0266,0.0213
NGC4523,789.0,290.0,0.0884,0.0136,0.0109,293.0,582.0,0.1568,0.0135,0.0108
NGC4525,764.0,578.0,0.0615,0.0161,0.0132,759.0,556.0,0.1151,0.0166,0.0136
NGC4535,1377.0,1032.0,0.0679,0.0129,0.0103,1325.0,1142.0,0.1092,0.013,0.0104
NGC4540,774.0,489.0,0.0715,0.0161,0.0129,786.0,527.0,0.1875,0.0164,0.0132
NGC4548,641.0,771.0,0.0407,0.0071,0.0058,1168.0,640.0,0.0555,0.01,0.008
NGC4559,1230.0,808.0,0.016,0.0087,0.007,804.0,1163.0,0.0137,0.013,0.0104
NGC4561,385.0,499.0,0.0319,0.0072,0.0059,916.0,390.0,0.0411,0.0096,0.0079
NGC4579,969.0,521.0,0.0363,0.0086,0.007,490.0,815.0,0.0403,0.0131,0.0107
NGC4584,775.0,517.0,0.1112,0.0164,0.0132,778.0,526.0,0.256,0.0173,0.014
NGC4591,776.0,488.0,0.0968,0.0163,0.0131,787.0,516.0,0.2187,0.0169,0.0137
NGC4593,283.0,497.0,0.1124,0.0122,0.0099,783.0,287.0,0.2408,0.0127,0.0103
NGC4596,809.0,422.0,0.0406,0.0127,0.0101,336.0,694.0,0.0565,0.0192,0.0153
NGC4639,252.0,448.0,0.0412,0.0065,0.0054,779.0,320.0,0.05,0.0098,0.008
NGC4643,779.0,444.0,0.0614,0.0159,0.0127,790.0,504.0,0.1089,0.0154,0.0124
NGC4654,757.0,337.0,0.0386,0.0108,0.0086,282.0,606.0,0.0721,0.0154,0.0123
NGC4658,793.0,339.0,0.0773,0.0117,0.0094,286.0,541.0,0.0811,0.0119,0.0097
NGC4688,824.0,406.0,0.0591,0.0221,0.0176,330.0,640.0,0.1208,0.0265,0.0212
NGC4691,790.0,283.0,0.1041,0.0121,0.0097,289.0,496.0,0.2648,0.0128,0.0103
NGC4713,357.0,550.0,0.1471,0.0109,0.0087,852.0,325.0,0.4553,0.0186,0.0149
NGC4725,1190.0,734.0,0.0152,0.0107,0.0085,732.0,1085.0,0.0277,0.0146,0.0116
NGC4733,781.0,509.0,0.0956,0.0163,0.0131,780.0,500.0,0.2084,0.0171,0.0138
NGC4779,772.0,447.0,0.0537,0.016,0.0128,791.0,532.0,0.1081,0.0156,0.0126
NGC4897,796.0,278.0,0.0744,0.013,0.0104,282.0,482.0,0.0857,0.0129,0.0105
NGC4900,785.0,287.0,0.0917,0.0127,0.0103,294.0,522.0,0.2209,0.0133,0.0107
NGC4902,786.0,508.0,0.0712,0.0162,0.013,781.0,473.0,0.1562,0.0164,0.0132
NGC4948A,281.0,1379.0,0.0836,0.0181,0.0146,784.0,1177.0,0.1011,0.0187,0.0149
NGC4984,432.0,625.0,0.0648,0.0065,0.0053,930.0,406.0,0.1382,0.0099,0.0081
NGC4995,846.0,279.0,0.0742,0.0118,0.0095,339.0,480.0,0.1354,0.0116,0.0094
NGC5068,1170.0,800.0,0.1162,0.0098,0.0078,687.0,1003.0,0.3001,0.014,0.0112
NGC5101,1243.0,757.0,0.0468,0.0155,0.0124,735.0,951.0,0.0492,0.0153,0.0122
NGC5117,775.0,297.0,0.1899,0.0226,0.0188,308.0,674.0,0.0803,0.0138,0.011
NGC5134,794.0,279.0,0.0901,0.0119,0.0096,282.0,466.0,0.2042,0.0123,0.01
NGC5147,304.0,616.0,0.0979,0.0121,0.0098,810.0,422.0,0.2562,0.0171,0.0138
NGC5218,867.0,921.0,0.0326,0.0164,0.0133,1131.0,444.0,0.0512,0.0196,0.0161
NGC5236,1546.0,1432.0,0.0943,0.0195,0.0189,1580.0,1345.0,0.1493,0.0164,0.0148
NGC5334,789.0,284.0,0.0556,0.0124,0.01,291.0,506.0,0.0864,0.0118,0.0096
NGC5339,796.0,277.0,0.1229,0.0139,0.0111,280.0,478.0,0.26,0.0139,0.0114
NGC5347,292.0,569.0,0.0636,0.0147,0.0118,782.0,296.0,0.0737,0.0145,0.0117
NGC5350,991.0,764.0,0.0193,0.0126,0.0105,703.0,1136.0,-0.0382,0.0138,0.0139
NGC5355,294.0,585.0,0.0205,0.015,0.012,775.0,299.0,0.0437,0.016,0.013
NGC5375,769.0,292.0,0.0555,0.0217,0.0182,306.0,714.0,-0.0227,0.0136,0.0109
NGC5430,636.0,291.0,-0.0105,0.0155,0.0125,304.0,775.0,-0.0415,0.0138,0.0111
NGC5448,714.0,342.0,0.0118,0.0097,0.0078,295.0,691.0,0.0275,0.0137,0.011
NGC5473,275.0,277.0,-0.0011,0.0155,0.0124,768.0,790.0,-0.0432,0.0139,0.0112
NGC5534,789.0,395.0,0.0587,0.0166,0.0133,792.0,451.0,0.1286,0.0163,0.0131
NGC5569,787.0,336.0,0.053,0.0176,0.0162,788.0,470.0,0.1076,0.0164,0.0132
NGC5597,798.0,272.0,0.3188,0.0167,0.0136,277.0,438.0,0.1062,0.014,0.0121
NGC5600,765.0,287.0,0.047,0.0212,0.0171,777.0,554.0,0.0251,0.015,0.012
NGC5636,782.0,323.0,0.0549,0.0167,0.0136,786.0,487.0,0.0569,0.0158,0.0129
NGC5645,797.0,287.0,0.0703,0.0146,0.0117,289.0,556.0,0.1296,0.0137,0.0111
NGC5661,795.0,289.0,0.0684,0.015,0.0119,291.0,568.0,0.1069,0.0134,0.0108
NGC5669,292.0,385.0,0.0532,0.0096,0.0078,828.0,298.0,0.0558,0.0166,0.0133
NGC5691,826.0,378.0,0.0775,0.0214,0.0171,314.0,567.0,0.1556,0.026,0.0209
NGC5693,690.0,297.0,0.0183,0.0146,0.0117,308.0,781.0,-0.022,0.0131,0.0105
NGC5701,782.0,312.0,0.0581,0.0167,0.0135,785.0,497.0,0.0775,0.0158,0.013
NGC5713,782.0,292.0,0.0447,0.0073,0.0059,291.0,529.0,0.0384,0.0108,0.0087
NGC5728,797.0,326.0,0.0115,0.0262,0.0209,273.0,479.0,0.0007,0.0317,0.0253
NGC5740,783.0,403.0,0.0615,0.0166,0.0133,792.0,488.0,0.0923,0.0163,0.0131
NGC5757,799.0,268.0,0.0515,0.0127,0.0103,272.0,410.0,0.0867,0.0119,0.0096
NGC5768,788.0,316.0,0.0392,0.0163,0.0131,785.0,462.0,0.0758,0.0157,0.0126
NGC5781,799.0,268.0,0.0637,0.0119,0.0096,274.0,415.0,0.0951,0.0115,0.0094
NGC5806,797.0,279.0,0.0863,0.0149,0.0122,281.0,496.0,0.1829,0.0136,0.0109
NGC5850,316.0,502.0,0.1295,0.0256,0.0222,832.0,333.0,0.3644,0.0248,0.02
NGC5866B,295.0,297.0,-0.0075,0.0156,0.0125,715.0,768.0,-0.0504,0.0141,0.0113
NGC5885,799.0,269.0,0.0544,0.0129,0.0104,274.0,437.0,0.1223,0.0121,0.0098
NGC5892,798.0,265.0,0.0993,0.0131,0.0106,269.0,415.0,0.0707,0.0125,0.0102
NGC5921,782.0,291.0,0.017,0.0121,0.0098,299.0,552.0,0.0311,0.0116,0.0094
NGC5950,797.0,295.0,-0.002,0.0164,0.0137,295.0,633.0,0.0286,0.013,0.0104
NGC5956,773.0,403.0,0.0343,0.0162,0.013,792.0,528.0,0.1087,0.0159,0.0128
NGC5964,344.0,464.0,0.1035,0.0105,0.0085,863.0,305.0,0.3178,0.0175,0.014
NGC5970,774.0,285.0,0.0084,0.0164,0.0133,760.0,533.0,0.0136,0.0152,0.0122
NGC6012,798.0,288.0,0.0417,0.0142,0.0113,290.0,562.0,0.005,0.0132,0.0105
NGC6014,795.0,283.0,0.0487,0.0143,0.0113,286.0,524.0,0.0129,0.0135,0.0109
NGC6140,650.0,779.0,-0.0003,0.016,0.0128,293.0,709.0,0.0205,0.0145,0.0118
NGC6155,729.0,297.0,-0.025,0.0136,0.0109,307.0,704.0,-0.0196,0.0121,0.0097
NGC6217,783.0,680.0,-0.0178,0.0154,0.0123,297.0,307.0,0.0103,0.0135,0.0108
NGC6236,784.0,292.0,-0.0087,0.016,0.0129,289.0,733.0,0.0178,0.0139,0.0112
NGC6237,788.0,292.0,-0.0068,0.0211,0.0233,288.0,736.0,0.0129,0.0146,0.0117
NGC6267,745.0,297.0,0.0002,0.0133,0.0107,305.0,662.0,-0.0271,0.0115,0.0092
NGC6339,764.0,293.0,-0.0223,0.0148,0.0119,301.0,755.0,-0.0429,0.0126,0.0101
NGC6412,774.0,302.0,-0.0012,0.019,0.0168,291.0,565.0,0.0132,0.0139,0.0113
NGC6889,761.0,555.0,0.0218,0.0162,0.013,774.0,318.0,0.0452,0.015,0.0121
NGC7051,783.0,416.0,0.1061,0.0172,0.0138,778.0,451.0,0.2661,0.0178,0.0143
NGC7070,755.0,572.0,0.0519,0.0163,0.0131,764.0,532.0,0.1515,0.0162,0.013
NGC7079,752.0,580.0,0.0478,0.0166,0.0138,762.0,538.0,0.1238,0.0161,0.013
NGC7091,767.0,562.0,0.0507,0.012,0.0097,289.0,290.0,0.1248,0.012,0.0097
NGC7140,740.0,749.0,0.0437,0.0143,0.0114,300.0,301.0,0.0437,0.0133,0.0107
NGC7154,746.0,595.0,0.0353,0.0157,0.0126,778.0,358.0,0.0555,0.0148,0.012
NGC7162A,728.0,629.0,0.028,0.016,0.013,772.0,311.0,-0.0126,0.0148,0.0121
NGC7179,579.0,760.0,-0.0008,0.0159,0.0128,746.0,582.0,0.0163,0.0145,0.0116
NGC7280,782.0,385.0,0.0611,0.016,0.0128,771.0,503.0,0.1176,0.0158,0.0127
NGC7418,1049.0,1066.0,0.0393,0.0179,0.0144,1072.0,780.0,0.0326,0.0168,0.0135
NGC7421,690.0,680.0,0.059,0.0158,0.0127,778.0,439.0,0.0541,0.0148,0.0119
NGC7424,1099.0,713.0,0.0371,0.0183,0.0147,1208.0,427.0,0.0388,0.0172,0.0138
NGC7479,321.0,325.0,0.0343,0.0109,0.0087,787.0,603.0,0.0698,0.0146,0.0118
NGC7496,744.0,606.0,0.0561,0.0158,0.0127,758.0,553.0,0.1191,0.0158,0.0127
NGC7513,738.0,620.0,0.0478,0.0161,0.0129,772.0,493.0,0.1058,0.0158,0.0127
NGC7661,604.0,786.0,0.0058,0.0145,0.0116,294.0,304.0,0.0581,0.0136,0.0109
NGC7723,279.0,288.0,0.0924,0.0134,0.0107,777.0,530.0,0.1995,0.0134,0.0108
NGC7724,279.0,288.0,0.0834,0.0132,0.0106,777.0,530.0,0.1987,0.0139,0.0113
NGC7741,316.0,314.0,0.045,0.0052,0.0042,793.0,571.0,0.128,0.0081,0.0066
NGC7755,993.0,815.0,0.0516,0.0192,0.0154,1056.0,672.0,0.1019,0.0188,0.015
NGC7757,282.0,284.0,0.1083,0.0121,0.0098,768.0,525.0,0.2791,0.0133,0.0107
NGC7764,604.0,755.0,0.0271,0.0165,0.0132,778.0,456.0,0.0291,0.0149,0.0119
NGC7798,324.0,329.0,0.028,0.0114,0.0092,781.0,621.0,0.0562,0.0145,0.0117
PGC002492,764.0,557.0,0.0543,0.0167,0.0136,779.0,448.0,0.1453,0.0165,0.0135
PGC003853,836.0,581.0,0.0897,0.0104,0.0084,346.0,336.0,0.2244,0.0162,0.0131
PGC006626,278.0,287.0,0.0792,0.0139,0.0113,775.0,528.0,0.2192,0.0138,0.0112
PGC006667,812.0,646.0,0.0515,0.0101,0.008,354.0,345.0,0.0801,0.0139,0.0112
PGC012068,782.0,442.0,0.1198,0.0188,0.015,778.0,449.0,0.1795,0.0173,0.0139
PGC012664,270.0,268.0,0.1648,0.016,0.0128,778.0,458.0,0.1672,0.0144,0.0115
PGC015869,246.0,309.0,0.0523,0.0141,0.0112,784.0,323.0,0.1389,0.0139,0.0111
PGC016784,258.0,358.0,0.0494,0.0144,0.0115,790.0,344.0,0.0724,0.0142,0.0114
PGC032091,783.0,474.0,0.0846,0.0163,0.0131,789.0,479.0,0.247,0.017,0.0136
PGC036217,786.0,487.0,0.089,0.0166,0.0133,785.0,478.0,0.2726,0.0177,0.0143
PGC037373,789.0,511.0,0.0688,0.0162,0.0156,782.0,457.0,0.0781,0.0163,0.0131
PGC042868,782.0,488.0,0.1101,0.0166,0.0133,786.0,485.0,0.27,0.0177,0.0142
PGC045195,1114.0,650.0,0.1264,0.0167,0.0135,608.0,867.0,0.2591,0.0176,0.0142
PGC048179,796.0,280.0,0.0924,0.0124,0.01,285.0,472.0,0.1796,0.013,0.0105
PGC053093,797.0,275.0,0.047,0.0124,0.0103,280.0,449.0,0.0928,0.0116,0.0094
PGC054944,797.0,274.0,0.0405,0.0128,0.0105,280.0,465.0,0.0742,0.0114,0.0092
PGC066559,784.0,407.0,0.069,0.0169,0.0135,775.0,467.0,0.1507,0.0168,0.0136
PGC067871,779.0,496.0,0.0454,0.0118,0.0095,274.0,282.0,0.0988,0.0109,0.0089
PGC068771,779.0,476.0,0.0821,0.0166,0.0133,773.0,489.0,0.2314,0.0169,0.0136
UGC01551,277.0,285.0,0.0811,0.0139,0.0112,777.0,519.0,0.0889,0.013,0.0105
UGC04390,580.0,551.0,0.0118,0.0156,0.0125,769.0,749.0,-0.0159,0.0145,0.0117
UGC04393,238.0,305.0,0.0274,0.0108,0.0087,777.0,240.0,0.0777,0.0136,0.0109
UGC04621,789.0,429.0,0.0716,0.0163,0.0131,789.0,497.0,0.1533,0.0162,0.013
UGC04867,776.0,466.0,0.0413,0.016,0.0128,789.0,520.0,0.0693,0.0161,0.0129
UGC05004,279.0,485.0,0.075,0.0131,0.0105,790.0,285.0,0.2002,0.0179,0.0144
UGC05354,733.0,544.0,0.0247,0.0156,0.0125,771.0,619.0,0.0225,0.0152,0.0122
UGC05478,766.0,499.0,0.0619,0.0162,0.013,785.0,555.0,0.0472,0.0165,0.0133
UGC05612,299.0,705.0,0.0273,0.0154,0.0123,664.0,762.0,-0.0327,0.015,0.0123
UGC05633,279.0,485.0,0.0874,0.0123,0.0099,790.0,285.0,0.0916,0.012,0.0097
UGC05676,781.0,547.0,0.0261,0.0164,0.0131,772.0,498.0,0.0869,0.0153,0.0123
UGC05688,342.0,691.0,0.0315,0.0167,0.0141,678.0,776.0,0.0136,0.0144,0.0116
UGC05707,291.0,554.0,0.0418,0.0145,0.0116,786.0,295.0,0.111,0.0134,0.0107
UGC05934,288.0,536.0,0.0708,0.0134,0.0107,792.0,293.0,0.0713,0.0132,0.0106
UGC06157,284.0,516.0,0.1044,0.0131,0.0106,791.0,289.0,0.1183,0.0135,0.0108
UGC06194,286.0,524.0,0.0973,0.0124,0.0099,785.0,290.0,0.2592,0.0129,0.0105
UGC06309,600.0,635.0,0.0286,0.0154,0.0123,730.0,738.0,-0.0177,0.0148,0.0119
UGC06816,300.0,694.0,0.0175,0.0144,0.0115,792.0,302.0,0.0623,0.0135,0.0108
UGC06903,783.0,501.0,0.1233,0.0176,0.0143,781.0,490.0,0.2637,0.019,0.0155
UGC06917,301.0,661.0,0.0291,0.0143,0.0114,793.0,302.0,0.0183,0.0137,0.0109
UGC06930,371.0,712.0,0.0413,0.0087,0.007,782.0,354.0,0.1312,0.0147,0.0118
UGC06983,765.0,676.0,0.0424,0.016,0.0128,697.0,551.0,0.1118,0.0159,0.0128
UGC07129,776.0,619.0,0.0421,0.0155,0.0124,740.0,521.0,0.1507,0.0159,0.0128
UGC07133,763.0,469.0,0.0544,0.0158,0.0127,788.0,558.0,0.0881,0.0156,0.0126
UGC07239,780.0,442.0,0.0703,0.0158,0.0127,791.0,509.0,0.0771,0.0157,0.0127
UGC07257,786.0,296.0,0.0229,0.0148,0.0118,293.0,709.0,0.0714,0.0143,0.0114
UGC07700,293.0,745.0,0.0238,0.0147,0.0118,787.0,294.0,0.0265,0.0156,0.0141
UGC07943,285.0,501.0,0.1071,0.0125,0.01,785.0,286.0,0.3228,0.0133,0.0108
UGC08041,814.0,403.0,0.0528,0.0209,0.0168,317.0,629.0,0.1006,0.0252,0.0203
UGC08056,793.0,290.0,0.0498,0.0132,0.0106,291.0,565.0,0.0423,0.013,0.0105
UGC08084,787.0,286.0,0.052,0.0121,0.0097,294.0,520.0,0.1339,0.0122,0.0098
UGC08597,652.0,677.0,0.0237,0.0157,0.0127,696.0,707.0,0.0568,0.0149,0.0121
UGC08733,689.0,568.0,0.0065,0.0157,0.0129,765.0,674.0,0.0414,0.0151,0.0124
UGC08877,678.0,604.0,0.031,0.0156,0.0125,747.0,684.0,0.0038,0.0147,0.0118
UGC09215,797.0,284.0,0.0885,0.0152,0.0124,286.0,529.0,0.1602,0.0136,0.0109
UGC09291,615.0,288.0,-0.0106,0.0154,0.0124,777.0,734.0,-0.0324,0.0143,0.0115
UGC09569,783.0,277.0,-0.0019,0.0161,0.0129,280.0,778.0,0.0076,0.0145,0.0117
UGC09601,788.0,285.0,0.0309,0.0122,0.0099,293.0,515.0,0.0648,0.0118,0.0095
UGC09661,798.0,280.0,0.0814,0.0138,0.011,281.0,498.0,0.0645,0.0133,0.0108
UGC09730,527.0,777.0,-0.0158,0.0154,0.0124,760.0,544.0,-0.0223,0.0139,0.0112
UGC10290,795.0,279.0,0.0574,0.0144,0.0115,281.0,492.0,0.0995,0.0132,0.0106
UGC10791,696.0,296.0,0.0205,0.0174,0.0139,308.0,772.0,0.0222,0.0145,0.0117
UGC10854,752.0,295.0,-0.0178,0.0151,0.0123,305.0,766.0,-0.018,0.0133,0.0107
UGC11782,781.0,350.0,0.0396,0.017,0.0137,776.0,461.0,0.1556,0.0167,0.0135
UGC12151,781.0,472.0,0.0989,0.0165,0.0132,771.0,499.0,0.19,0.0166,0.0133
UGC12681,291.0,294.0,0.0338,0.013,0.0105,750.0,599.0,0.0622,0.0118,0.0095
UGC12707,291.0,294.0,0.0306,0.0119,0.0096,750.0,596.0,0.0664,0.0114,0.0092
UGC12732,289.0,290.0,0.0725,0.013,0.0105,765.0,578.0,0.0957,0.013,0.0106
